maximum_reliable_period_s,density_per_s
0.0,0.0010716384260319475
4.102051025512757,0.0010716263942381382
8.204102051025513,0.0010715902823924576
12.30615307653827,0.001071530041127212
16.408204102051027,0.0010714455882464254
20.510255127563784,0.001071336808850977
24.61230615307654,0.0010712035555135487
28.714357178589296,0.0010710456485031185
32.81640820410205,0.0010708628760586814
36.91845922961481,0.0010706549947118015
41.02051025512757,0.0010704217296575319
45.122561280640326,0.0010701627751731606
49.22461230615308,0.0010698777950841883
53.326663331665834,0.0010695664232768588
57.42871435717859,0.0010692282642565058
61.53076538269135,0.001068862893750915
65.6328164082041,0.0010684698593578304
69.73486743371686,0.0010680486812356738
73.83691845922962,0.0010675988528364897
77.93896948474237,0.0010671198416800567
82.04102051025514,0.0010666110901680621
86.14307153576789,0.0010660720164371693
90.24512256128065,0.0010655020152497588
94.3471735867934,0.00106490045892107
98.44922461230615,0.0010642666982814155
102.55127563781892,0.0010636000636721056
106.65332666333167,0.001062899865973653
110.75537768884443,0.0010621653976648038
114.85742871435718,0.001061395933910886
118.95947973986995,0.0010605907336799355
123.0615307653827,0.001059749040885015
127.16358179089546,0.0010588700855511182
131.2656328164082,0.0010579530850050028
135.36768384192098,0.0010569972450862866
139.46973486743371,0.0010560017613780977
143.57178589294648,0.0010549658204555524
147.67383691845924,0.001053888601150317
151.775887943972,0.0010527692758294828
155.87793896948475,0.001051607011686972
159.9799899949975,0.0010504009720456817
164.08204102051027,0.001049150317668555
168.184092046023,0.0010478542080767695
172.28614307153578,0.0010465118028732193
176.38819409704854,0.001045122263069476
180.4902451225613,0.0010436847524143992
184.59229614807404,0.001042198438722589
188.6943471735868,0.0010406624952008579
192.79639819909957,0.0010390761017709292
196.8984492246123,0.0010374384463865659
201.00050025012507,0.0010357487263433513
205.10255127563784,0.001034006149579363
209.2046023011506,0.0010322099359650002
213.30665332666334,0.0010303593185802362
217.4087043521761,0.001028453544977615
221.51075537768887,0.001026491878429305
225.61280640320163,0.0010244735991565854
229.71485742871437,0.0010223980055401468
233.81690845422713,0.0010202644153096334
237.9189594797399,0.0010180721667108904
242.02101050525263,0.0010158206196494086
246.1230615307654,0.0010135091568085107
250.22511255627816,0.0010111371847408555
254.32716358179093,0.0010087041349318856
258.42921460730366,0.0010062094648338876
262.5312656328164,0.0010036526588693819
266.6333166583292,0.0010010332294026058
270.73536768384196,0.0009983507176779117
274.8374187093547,0.000995604694723942
278.93946973486743,0.0009927947622225047
283.0415207603802,0.0009899205533411305
287.14357178589296,0.000986981733528334
291.2456228114057,0.000983978001270679
295.3476738369185,0.0009809090888107824
299.44972486243125,0.0009777747628254758
303.551775887944,0.0009745748250633786
307.6538269134567,0.0009713091129412129
311.7558779389695,0.0009679775000982465
315.85792896448226,0.0009645798969083121
319.959979989995,0.0009611162509489069
324.0620310155078,0.0009575865474269523
328.16408204102055,0.000953990809560838
332.2661330665333,0.0009503290989184539
336.368184092046,0.000946601515710962
340.4702351175588,0.0009428081990421319
344.57228614307155,0.0009389493271131186
348.6743371685843,0.0009350251173826323
352.7763881940971,0.0009310358266824944
356.87843921960985,0.0009269817512886579
360.9804902451226,0.0009228632269478066
365.0825412706353,0.0009186806288597262
369.1845922961481,0.0009144343716156857
373.28664332166085,0.0009101249090931337
377.3886943471736,0.0009057527343070679
381.4907453726864,0.0009013183792184893
385.59279639819914,0.0008968224145004156
389.6948474237119,0.0008922654492619707
393.7968984492246,0.0008876481307311287
397.8989494747374,0.0008829711438967394
402.00100050025014,0.0008782352111105091
406.1030515257629,0.0008734410916496606
410.2051025512757,0.0008685895812410471
414.30715357678844,0.0008636815115475289
418.4092046023012,0.0008587177496174816
422.51125562781397,0.0008536991972983285
426.6133066533267,0.000848626790615045
430.71535767883944,0.0008435014991146099
434.8174087043522,0.0008383243251774269
438.91945972986497,0.0008330963032967582
443.02151075537773,0.0008278184993272635
447.1235617808905,0.000822492009703752
451.22561280640326,0.0008171179606312966
455.32766383191597,0.0008116975072478789
459.42971485742873,0.0008062318327607584
463.5317658829415,0.0008007221475577925
467.63381690845426,0.0007951696882949383
471.73586793396703,0.0007895757169612017
475.8379189594798,0.0007839415199223078
479.93996998499256,0.0007782684069443808
484.04202101050527,0.0007725577101989441
488.14407203601803,0.0007668107832505476
492.2461230615308,0.0007610290000283514
496.34817408704356,0.0007552137537829939
500.4502251125563,0.0007493664560300811
504.5522761380691,0.0007434885354816333
508.65432716358185,0.0007375814369668307
512.7563781890946,0.0007316466203433973
516.8584292146073,0.0007256855594009519
520.9604802401201,0.0007196997407576667
525.0625312656329,0.0007136906627515504
529.1645822911456,0.000707659834327673
533.2666333166584,0.0007016087739226402
537.3686843421712,0.0006955390083476079
541.4707353676839,0.0006894520716711186
545.5727863931967,0.0006833495041030267
549.6748374187094,0.0006772328508807544
553.7768884442222,0.0006711036611591152
557.8789394697349,0.0006649634869049088
561.9809904952476,0.0006588138817974823
566.0830415207604,0.0006526564001364142
570.1850925462732,0.0006464925957574746
574.2871435717859,0.0006403240209579673
578.3891945972987,0.0006341522254325513
582.4912456228114,0.0006279787552205993
586.5932966483242,0.0006218051516661291
590.695347673837,0.0006156329503913109
594.7973986993497,0.0006094636802845229
598.8994497248625,0.000603298862503897
603.0015007503753,0.0005971400094972604
607.103551775888,0.0005909886240393541
611.2056028014008,0.0005848461982871617
615.3076538269135,0.0005787142128541614
619.4097048524262,0.0005725941359042665
623.511755877939,0.0005664874222661952
627.6138069034517,0.0005603955125689614
631.7158579289645,0.0005543198323991556
635.8179089544773,0.0005482617914806345
639.91995997999,0.0005422227828772099
644.0220110055028,0.0005362041822188858
648.1240620310156,0.0005302073469521566
652.2261130565283,0.0005242336156148367
656.3281640820411,0.0005182843071358638
660.4302151075539,0.0005123607201604678
664.5322661330666,0.0005064641324010701
668.6343171585794,0.0005005958000142335
672.736368184092,0.00049475695700395
676.8384192096048,0.0004889488146515118
680.9404702351176,0.0004831725609721801
685.0425212606303,0.0004774293601988216
689.1445722861431,0.00047172035229265535
693.2466233116559,0.00046604665248120905
697.3486743371686,0.0004604093508235544
701.4507253626814,0.0004548095118028506
705.5527763881942,0.00044924817394619845
709.6548274137069,0.00044372634947176617
713.7568784392197,0.0004382450239631198
717.8589294647325,0.0004328051560706586
721.9609804902452,0.0004274076772400213
726.063031515758,0.0004220534914673032
730.1650825412706,0.00041674347508088936
734.2671335667834,0.00041147847654968215
738.3691845922962,0.000406259316317475
742.4712356178089,0.0004010867866631929
746.5732866433217,0.00039596165158669715
750.6753376688345,0.00039088464671982334
754.7773886943472,0.0003858564792623004
758.87943971986,0.00038087782794217186
762.9814907453728,0.00037594934300031884
767.0835417708855,0.0003710716461986629
771.1855927963983,0.00036624533085160643
775.287643821911,0.00036147096188024664
779.3896948474238,0.0003567490758888842
783.4917458729366,0.00035208018126332526
787.5937968984492,0.0003474647582904637
791.695847923962,0.00034290325929861
795.7978989494748,0.00033839610881802607
799.8999499749875,0.0003339437037610994
804.0020010005003,0.00032954641362159304
808.104052026013,0.00032520458069238345
812.2061030515258,0.000320918520301094
816.3081540770386,0.0003166885210630229
820.4102051025513,0.00031251484515075234
824.5122561280641,0.00030839772857982085
828.6143071535769,0.00030433738150983627
832.7163581790896,0.0003003339885603954
836.8184092046024,0.00029638770914117726
840.9204602301152,0.0002924986777955728
845.0225112556279,0.00028866700455720774
849.1245622811406,0.0002848927753187178
853.2266133066533,0.00028117605221213154
857.3286643321661,0.00027751687400021904
861.4307153576789,0.0002739152564781631
865.5327663831916,0.00027037119288491143
869.6348174087044,0.0002668846543235746
873.7368684342172,0.00026345559019023203
877.8389194597299,0.00026008392861051805
881.9409704852427,0.0002567695768833609
886.0430215107555,0.00025351242193125524
890.1450725362682,0.0002503123307564549
894.247123561781,0.00024716915090247844
898.3491745872938,0.00024408271092032897
902.4512256128065,0.0002410528208388373
906.5532766383192,0.00023807927263854643
910.6553276638319,0.00023516184072856417
914.7573786893447,0.00023230028242582197
918.8594297148575,0.00022949433843618772
922.9614807403702,0.00022674373333688962
927.063531765883,0.00022404817605972308
931.1655827913958,0.00022140736037452077
935.2676338169085,0.00021882096537238102
939.3696848424213,0.00021628865594815964
943.4717358679341,0.00021381008328174604
947.5737868934468,0.00021138488531765494
951.6758379189596,0.00020901268724248065
955.7778889444724,0.0002066931019597735
959.8799399699851,0.00020442573056191218
963.9819909954978,0.00020221016279856033
968.0840420210105,0.00020004597754131004
972.1860930465233,0.00019793274324412976
976.2881440720361,0.00019587001839924692
980.3901950975488,0.00019385735198811468
984.4922461230616,0.00019189428392712217
988.5942971485744,0.00018998034550772616
992.6963481740871,0.0001881150598306956
996.7983991995999,0.00018629794223417657
1000.9004502251126,0.0001845285007152979
1005.0025012506254,0.00018280623634505733
1009.1045522761382,0.0001811306436762377
1013.206603301651,0.00017950121114412143
1017.3086543271637,0.0001779174214597864
1021.4107053526764,0.00017637875199577786
1025.5127563781891,0.00017488467516396997
1029.614807403702,0.00017343465878544263
1033.7168584292147,0.00017202816645221373
1037.8189094547274,0.00017066465788068277
1041.9209604802402,0.0001693435892566543
1046.023011505753,0.00016806441357182465
1050.1250625312657,0.0001668265809516287
1054.2271135567785,0.00016562953897435748
1058.3291645822912,0.00016447273298146896
1062.431215607804,0.0001633556063790312
1066.5332666333168,0.00016227760093024475
1070.6353176588295,0.0001612381570390091
1074.7373686843423,0.00016023671402450558
1078.839419709855,0.0001592727103867846
1082.9414707353678,0.0001583455840633554
1087.0435217608806,0.00015745477267678742
1091.1455727863934,0.00015659971377334473
1095.2476238119061,0.00015577984505268588
1099.349674837419,0.00015499460458867037
1103.4517258629317,0.00015424343104132555
1107.5537768884444,0.00015352576386003553
1111.655827913957,0.00015284104347802556
1115.7578789394697,0.00015218871149822109
1119.8599299649825,0.00015156821087057492
1123.9619809904952,0.00015097898606095884
1128.064032016008,0.00015042048321172824
1132.1660830415208,0.00014989215029407498
1136.2681340670335,0.00014939343725229063
1140.3701850925463,0.00014892379614007102
1144.472236118059,0.00014848268124899886
1148.5742871435718,0.00014806954922934738
1152.6763381690846,0.00014768385920335602
1156.7783891945974,0.0001473250728711331
1160.8804402201101,0.00014699265460934728
1164.982491245623,0.00014668607156287445
1169.0845422711357,0.0001464047937295709
1173.1865932966484,0.00014614829403835033
1177.2886443221612,0.000145916048420744
1181.390695347674,0.00014570753587612854
1185.4927463731867,0.00014552223853080953
1189.5947973986995,0.00014535964169115265
1193.6968484242122,0.00014521923389095593
1197.798899449725,0.00014510050693326018
1201.9009504752378,0.00014500295592679774
1206.0030015007505,0.00014492607931727988
1210.1050525262633,0.00014486937891372697
1214.207103551776,0.00014483235991004533
1218.3091545772888,0.00014481453090205794
1222.4112056028016,0.00014481540390019404
1226.5132566283141,0.00014483449433804694
1230.615307653827,0.00014487132107700662
1234.7173586793397,0.00014492540640717588
1238.8194097048524,0.00014499627604477714
1242.9214607303652,0.00014508345912625848
1247.023511755878,0.00014518648819930417
1251.1255627813907,0.00014530489921095696
1255.2276138069035,0.00014543823149305605
1259.3296648324163,0.00014558602774519447
1263.431715857929,0.00014574783401539765
1267.5337668834418,0.000145923199678723
1271.6358179089546,0.00014611167741397866
1275.7378689344673,0.000146312823178757
1279.83991995998,0.00014652619618297653
1283.9419709854928,0.00014675135886112233
1288.0440220110056,0.0001469878768433734
1292.1460730365184,0.00014723531892580168
1296.2481240620311,0.00014749325703982403
1300.350175087544,0.00014776126622108638
1304.4522261130567,0.00014803892457795382
1308.5542771385694,0.00014832581325977895
1312.6563281640822,0.00014862151642511484
1316.758379189595,0.0001489256212100369
1320.8604302151077,0.00014923771769673216
1324.9624812406205,0.00014955739888251158
1329.0645322661333,0.00014988426064939614
1333.166583291646,0.00015021790173442215
1337.2686343171588,0.00015055792370080874
1341.3706853426715,0.00015090393091012302
1345.472736368184,0.0001512555304955762
1349.5747873936969,0.0001516123323365769
1353.6768384192096,0.0001519739490346651
1357.7788894447224,0.000152339995890942
1361.8809404702351,0.00015271009088511
1365.982991495748,0.00015308385465622758
1370.0850425212607,0.0001534609104852818
1374.1870935467734,0.0001538408842796741
1378.2891445722862,0.00015422340455970975
1382.391195597799,0.00015460810244717662
1386.4932466233117,0.0001549946116560929
1390.5952976488245,0.00015538256848569807
1394.6973486743373,0.000155771611815755
1398.79939969985,0.0001561613831042274
1402.9014507253628,0.00015655152638738884
1407.0035017508756,0.00015694168828241602
1411.1055527763883,0.00015733151799251187
1415.207603801901,0.00015772066731459925
1419.3096548274139,0.00015810879064961998
1423.4117058529266,0.00015849554501546853
1427.5137568784394,0.00015888059006258413
1431.6158079039521,0.0001592635880922189
1435.717858929465,0.00015964420407739495
1439.8199099549777,0.00016002210568655763
1443.9219609804904,0.00016039696330992528
1448.0240120060032,0.0001607684500885329
1452.126063031516,0.0001611362419459593
1456.2281140570287,0.00016150001762272356
1460.3301650825413,0.0001618594587133307
1464.432216108054,0.00016221424970594108
1468.5342671335668,0.00016256407802463322
1472.6363181590796,0.00016290863407422457
1476.7383691845923,0.00016324761128761023
1480.840420210105,0.00016358070617557304
1484.9424712356179,0.00016390761837901626
1489.0445222611306,0.0001642280507235624
1493.1465732866434,0.00016454170927645998
1497.2486243121562,0.0001648483034057331
1501.350675337669,0.0001651475458415053
1505.4527263631817,0.00016543915273942625
1509.5547773886944,0.00016572284374612143
1513.6568284142072,0.0001659983420665871
1517.75887943972,0.00016626537453344245
1521.8609304652327,0.00016652367167795207
1525.9629814907455,0.00016677296780272496
1530.0650325162583,0.0001670130010559951
1534.167083541771,0.0001672435135073828
1538.2691345672838,0.00016746425122503538
1542.3711855927966,0.00016767496435404007
1546.4732366183093,0.0001678754071960018
1550.575287643822,0.00016806533828967268
1554.6773386693349,0.00016824452049252038
1558.7793896948476,0.0001684127210631175
1562.8814407203604,0.0001685697117442344
1566.9834917458732,0.00016871526884651281
1571.085542771386,0.0001688491733325979
1575.1875937968985,0.00016897121090160436
1579.2896448224112,0.00016908117207378918
1583.391695847924,0.00016917885227530342
1587.4937468734367,0.00016926405192289412
1591.5957978989495,0.00016933657650842576
1595.6978489244623,0.00016939623668309013
1599.799899949975,0.00016944284834117252
1603.9019509754878,0.00016947623270324274
1608.0040020010006,0.00016949621639863633
1612.1060530265133,0.0001695026315470953
1616.208104052026,0.0001694953158394335
1620.3101550775389,0.0001694741126170953
1624.4122061030516,0.0001694388709504744
1628.5142571285644,0.0001693894457158611
1632.6163081540772,0.00016932569767088798
1636.71835917959,0.00016924749352834252
1640.8204102051027,0.00016915470602821896
1644.9224612306155,0.00016904721400788094
1649.0245122561282,0.00016892490247020982
1653.126563281641,0.0001687876626496125
1657.2286143071537,0.00016863539207576887
1661.3306653326665,0.00016846799463499497
1665.4327163581793,0.00016828538062910677
1669.534767383692,0.00016808746683166564
1673.6368184092048,0.0001678741765414948
1677.7388694347176,0.00016764543963335312
1681.8409204602303,0.00016740119260566066
1685.942971485743,0.00016714137862516957
1690.0450225112559,0.00016686594756847928
1694.1470735367684,0.00016657485606029699
1698.2491245622812,0.0001662680675083489
1702.351175587794,0.00016594555213485013
1706.4532266133067,0.00016560728700444654
1710.5552776388195,0.00016525325604854312
1714.6573286643322,0.00016488345008594055
1718.759379689845,0.00016449786683970366
1722.8614307153578,0.00016409651095018914
1726.9634817408705,0.00016367939398416692
1731.0655327663833,0.0001632465344399714
1735.167583791896,0.00016279795774862423
1739.2696348174088,0.00016233369627087534
1743.3716858429216,0.00016185378929011265
1747.4737368684343,0.00016135828300109723
1751.575787893947,0.00016084723049448308
1755.6778389194599,0.00016032069173708852
1759.7798899449726,0.00015977873354788887
1763.8819409704854,0.00015922142956970576
1767.9839919959982,0.00015864886023657504
1772.086043021511,0.00015806111273677706
1776.1880940470237,0.00015745828097152187
1780.2901450725365,0.00015684046550928435
1784.3921960980492,0.00015620777353579103
1788.494247123562,0.0001555603187996646
1792.5962981490748,0.00015489822155373843
1796.6983491745875,0.00015422160849205642
1800.8004002001003,0.0001535306126825823
1804.902451225613,0.00015282537349564344
1809.0045022511256,0.00015210603652814262
1813.1065532766384,0.00015137275352357474
1817.2086043021511,0.00015062568228789097
1821.3106553276639,0.00014986498660125798
1825.4127063531766,0.00014909083612576384
1829.5147573786894,0.0001483034063091287
1833.6168084042022,0.0001475028782844823
1837.718859429715,0.0001466894387662744
1841.8209104552277,0.0001458632799423903
1845.9229614807405,0.00014502459936254744
1850.0250125062532,0.0001441735998230536
1854.127063531766,0.00014331048924801133
1858.2291145572788,0.0001424354805670583
1862.3311655827915,0.00014154879158973673
1866.4332166083043,0.00014065064487658928
1870.535267633817,0.00013974126760708263
1874.6373186593298,0.00013882089144446426
1878.7393696848426,0.00013788975239766084
1882.8414207103554,0.00013694809068033031
1886.9434717358681,0.00013599615056718442
1891.0455227613809,0.0001350341802476984
1895.1475737868936,0.00013406243167733242
1899.2496248124064,0.00013308116042638724
1903.3516758379192,0.000132090625526623
1907.453726863432,0.00013109108931577093
1911.5557778889447,0.00013008281728007023
1915.6578289144575,0.00012906607789496533
1919.7598799399702,0.00012804114246410008
1923.861930965483,0.00012700828495674737
1927.9639819909955,0.00012596778184381546
1932.0660330165083,0.0001249199119325715
1936.168084042021,0.00012386495620022727
1940.2701350675338,0.0001228031976265298
1944.3721860930466,0.00012173492102550353
1948.4742371185594,0.00012066041287648978
1952.5762881440721,0.00011957996115463
1956.678339169585,0.00011849385516094032
1960.7803901950977,0.00011740238535212476
1964.8824412206104,0.0001163058431702744
1968.9844922461232,0.0001152045208725998
1973.086543271636,0.00011409871136134367
1977.1885942971487,0.00011298870801402027
1981.2906453226615,0.00011187480451412704
1985.3926963481742,0.00011075729468247347
1989.494747373687,0.00010963647230927083
1993.5967983991998,0.0001085126309871257
1997.6988494247125,0.00010738606394507762
2001.8009004502253,0.00010625706388382127
2005.902951475738,0.00010512592281225041
2010.0050025012508,0.00010399293188545973
2014.1070535267636,0.00010285838124433798
2018.2091045522764,0.0001017225598568848
2022.3111555777891,0.00010058575536137947
2026.413206603302,9.944825391152863e-05
2030.5152576288147,9.831034002371735e-05
2034.6173086543274,9.717229642648393e-05
2038.7193596798402,9.603440391233721e-05
2042.8214107053527,9.489694119203126e-05
2046.9234617308655,9.376018475140929e-05
2051.0255127563782,9.262440871092583e-05
2055.1275637818912,9.148988468795171e-05
2059.229614807404,9.035688166196394e-05
2063.3316658329168,8.922566584271754e-05
2067.4337168584293,8.809650054149568e-05
2071.5357678839423,8.696964604552521e-05
2075.637818909455,8.58453594956475e-05
2079.739869934968,8.4723894767324e-05
2083.8419209604804,8.360550235505774e-05
2087.9439719859934,8.249042926030182e-05
2092.046023011506,8.137891888292872e-05
2096.148074037019,8.027121091632219e-05
2100.2501250625314,7.916754124615693e-05
2104.352176088044,7.80681418529203e-05
2108.454227113557,7.697324071823069e-05
2112.5562781390695,7.588306173500093e-05
2116.6583291645825,7.479782462148843e-05
2120.760380190095,7.371774483927568e-05
2124.862431215608,7.264303351521181e-05
2128.9644822411205,7.157389736734974e-05
2133.0665332666335,7.051053863490193e-05
2137.168584292146,6.945315501223974e-05
2141.270635317659,6.840193958695027e-05
2145.3726863431716,6.73570807819678e-05
2149.4747373686846,6.631876230178409e-05
2153.576788394197,6.52871630827464e-05
2157.67883941971,6.426245724743905e-05
2161.7808904452227,6.324481406314837e-05
2165.8829414707357,6.223439790439899e-05
2169.984992496248,6.123136821955257e-05
2174.087043521761,6.023587950144904e-05
2178.1890945472737,5.9248081262073275e-05
2182.2911455727867,5.826811801121932e-05
2186.3931965982993,5.72961292391275e-05
2190.4952476238122,5.633224940305852e-05
2194.597298649325,5.5376607917773e-05
2198.699349674838,5.4429329149872956e-05
2202.8014007003503,5.349053241596634e-05
2206.9034517258633,5.2560331984604925e-05
2211.005502751376,5.163883708194931e-05
2215.107553776889,5.072615190110518e-05
2219.2096048024014,4.982237561507817e-05
2223.311655827914,4.892760239328555e-05
2227.413706853427,4.8041921421565685e-05
2231.5157578789394,4.7165416925619544e-05
2235.6178089044524,4.629816819781685e-05
2239.719859929965,4.5440249627299136e-05
2243.821910955478,4.459173073330539e-05
2247.9239619809905,4.375267620164862e-05
2252.0260130065035,4.292314592426455e-05
2256.128064032016,4.210319504175644e-05
2260.230115057529,4.129287398885354e-05
2264.3321660830416,4.04922285427033e-05
2268.4342171085545,3.970129987391155e-05
2272.536268134067,3.892012460024768e-05
2276.63831915958,3.814873484292591e-05
2280.7403701850926,3.738715828537739e-05
2284.8424212106056,3.6635418234421356e-05
2288.944472236118,3.589353368374838e-05
2293.046523261631,3.516151937962198e-05
2297.1485742871437,3.443938588870959e-05
2301.2506253126567,3.372713966794838e-05
2305.352676338169,3.302478313635543e-05
2309.454727363682,3.233231474868681e-05
2313.5567783891947,3.16497290708547e-05
2317.6588294147077,3.097701685700639e-05
2321.7608804402203,3.031416512817439e-05
2325.8629314657333,2.9661157252401275e-05
2329.964982491246,2.901797302624896e-05
2334.0670335167583,2.8384588757596622e-05
2338.1690845422713,2.7760977349636916e-05
2342.271135567784,2.7147108385977523e-05
2346.373186593297,2.6542948216755932e-05
2350.4752376188094,2.5948460045678577e-05
2354.5772886443224,2.5363604017892155e-05
2358.679339669835,2.4788337308600394e-05
2362.781390695348,2.4222614212336187e-05
2366.8834417208604,2.366638623280403e-05
2370.9854927463734,2.3119602173205204e-05
2375.087543771886,2.2582208226963014e-05
2379.189594797399,2.2054148068763016e-05
2383.2916458229115,2.1535362945828173e-05
2387.3936968484245,2.1025791769346826e-05
2391.495747873937,2.052537120597647e-05
2395.59779889945,2.003403576934413e-05
2399.6998499249626,1.95517179114696e-05
2403.8019009504756,1.9078348114035823e-05
2407.903951975988,1.8613854979435902e-05
2412.006003001501,1.8158165321524683e-05
2416.1080540270136,1.7711204256008002e-05
2420.2101050525266,1.7272895290401182e-05
2424.312156078039,1.6843160413493704e-05
2428.414207103552,1.6421920184255505e-05
2432.5162581290647,1.6009093820125607e-05
2436.6183091545777,1.56045992846226e-05
2440.72036018009,1.5208353374221673e-05
2444.822411205603,1.4820271804441727e-05
2448.9244622311157,1.4440269295091218e-05
2453.0265132566283,1.4068259654620643e-05
2457.1285642821413,1.3704155863533913e-05
2461.230615307654,1.334787015681161e-05
2465.332666333167,1.2999314105300982e-05
2469.4347173586793,1.2658398696031345e-05
2473.5367683841923,1.2325034411412875e-05
2477.638819409705,1.1999131307281835e-05
2481.740870435218,1.1680599089754386e-05
2485.8429214607304,1.1369347190855835e-05
2489.9449724862434,1.1065284842891725e-05
2494.047023511756,1.0768321151531417e-05
2498.149074537269,1.0478365167574561e-05
2502.2511255627815,1.0195325957374912e-05
2506.3531765882944,9.919112671895874e-06
2510.455227613807,9.649634614375788e-06
2514.55727863932,9.386801306581142e-06
2518.6593296648325,9.130522553629401e-06
2522.7613806903455,8.880708507363115e-06
2526.863431715858,8.637269728260496e-06
2530.965482741371,8.400117245867572e-06
2535.0675337668836,8.169162617740426e-06
2539.1695847923966,7.944317986885816e-06
2543.271635817909,7.725496137691917e-06
2547.373686843422,7.51261055034051e-06
2551.4757378689346,7.305575453695262e-06
2555.5777888944476,7.104305876660423e-06
2559.67983991996,6.908717698007267e-06
2563.781890945473,6.71872769466535e-06
2567.8839419709857,6.534253588478389e-06
2571.985992996498,6.355214091424456e-06
2576.088044022011,6.181528949302466e-06
2580.1900950475238,6.013118983887317e-06
2584.2921460730367,5.8499061335572086e-06
2588.3941970985493,5.691813492398187e-06
2592.4962481240623,5.538765347791028e-06
2596.598299149575,5.390687216487482e-06
2600.700350175088,5.2475058791827355e-06
2604.8024012006003,5.109149413592787e-06
2608.9044522261133,4.975547226045075e-06
2613.006503251626,4.846630081592539e-06
2617.108554277139,4.722330132660831e-06
2621.2106053026514,4.602580946240023e-06
2625.3126563281644,4.487317529631753e-06
2629.414707353677,4.376476354764132e-06
2633.51675837919,4.269995381086383e-06
2637.6188094047025,4.167814077056317e-06
2641.7208604302155,4.069873440233462e-06
2645.822911455728,3.976116015991576e-06
2649.924962481241,3.886485914863987e-06
2654.0270135067535,3.800928828535983e-06
2658.1290645322665,3.7193920444981276e-06
2662.231115557779,3.6418244593750996e-06
2666.333166583292,3.5681765909441563e-06
2670.4352176088046,3.4984005888580853e-06
2674.5372686343176,3.432450244086816e-06
2678.63931965983,3.370280997092636e-06
2682.741370685343,3.3118499447532542e-06
2686.8434217108556,3.25711584604747e-06
2690.945472736368,3.206039126517685e-06
2695.047523761881,3.158581881523773e-06
2699.1495747873937,3.1147078783024407e-06
2703.2516258129067,3.074382556846128e-06
2707.3536768384192,3.0375730296154802e-06
2711.455727863932,3.0042480800989926e-06
2715.5577788894448,2.974378160233465e-06
2719.6598299149578,2.947935386698494e-06
2723.7618809404703,2.9248935360981927e-06
2727.8639319659833,2.9052280390428695e-06
2731.965982991496,2.8889159731433885e-06
2736.068034017009,2.875936054930451e-06
2740.1700850425214,2.8662686307109663e-06
2744.2721360680343,2.859895666373267e-06
2748.374187093547,2.856800736152751e-06
2752.47623811906,2.8569690103692263e-06
2756.5782891445724,2.860387242146959e-06
2760.6803401700854,2.8670437531281968e-06
2764.782391195598,2.8769284181906276e-06
2768.884442221111,2.890032649179053e-06
2772.9864932466235,2.906349377661218e-06
2777.0885442721365,2.925873036717631e-06
2781.190595297649,2.9485995417748157e-06
2785.292646323162,2.974526270491424e-06
2789.3946973486745,3.0036520417062554e-06
2793.4967483741875,3.0359770934572145e-06
2797.5987993997,3.071503060079919e-06
2801.7008504252126,3.1102329483946847e-06
2805.8029014507256,3.1521711129903538e-06
2809.904952476238,3.197323230613407e-06
2814.007003501751,3.245696273670749e-06
2818.1090545272637,3.297298482854349e-06
2822.2111055527766,3.3521393388961433e-06
2826.313156578289,3.4102295334612745e-06
2830.415207603802,3.471580939188133e-06
2834.5172586293147,3.5362065788833123e-06
2838.6193096548277,3.6041205938801015e-06
2842.7213606803402,3.6753382115687627e-06
2846.8234117058532,3.749875712107499e-06
2850.9254627313658,3.827750394322651e-06
2855.0275137568788,3.908980540807361e-06
2859.1295647823913,3.993585382227681e-06
2863.2316158079043,4.081585060845866e-06
2867.333666833417,4.173000593270343e-06
2871.43571785893,4.267853832442718e-06
2875.5377688844424,4.366167428871989e-06
2879.6398199099553,4.467964791127065e-06
2883.741870935468,4.57327004559853e-06
2887.843921960981,4.682107995541679e-06
2891.9459729864934,4.794504079412601e-06
2896.0480240120064,4.910484328510402e-06
2900.150075037519,5.030075323938366e-06
2904.252126063032,5.1533041528982125e-06
2908.3541770885445,5.280198364331496e-06
2912.4562281140575,5.410785923923516e-06
2916.55827913957,5.545095168484958e-06
2920.6603301650825,5.683154759728135e-06
2924.7623811905955,5.824993637454436e-06
2928.864432216108,5.970640972170991e-06
2932.966483241621,6.120126117155199e-06
2937.0685342671336,6.27347855998616e-06
2941.1705852926466,6.43072787356353e-06
2945.272636318159,6.591903666634365e-06
2949.374687343672,6.757035533850213e-06
2953.4767383691847,6.926153005376639e-06
2957.5787893946977,7.099285496079272e-06
2961.68084042021,7.276462254310284e-06
2965.782891445723,7.457712310321188e-06
2969.8849424712357,7.643064424327731e-06
2973.9869934967487,7.832547034254602e-06
2978.0890445222612,8.026188203187564e-06
2982.1910955477742,8.224015566562656e-06
2986.293146573287,8.42605627912195e-06
2990.3951975987998,8.632336961667429e-06
2994.4972486243123,8.842883647644302e-06
2998.5992996498253,9.057721729587322e-06
3002.701350675338,9.276875905463234e-06
3006.803401700851,9.500370124944884e-06
3010.9054527263634,9.728227535651887e-06
3015.0075037518764,9.960470429395342e-06
3019.109554777389,1.0197120188463244e-05
3023.211605802902,1.043819723198595e-05
3027.3136568284144,1.068372096242006e-05
3031.4157078539274,1.0933709712191858e-05
3035.51775887944,1.1188180690540332e-05
3039.6198099049525,1.1447149930602578e-05
3043.7218609304655,1.1710632236783377e-05
3047.823911955978,1.1978641132452708e-05
3051.925962981491,1.2251188808015495e-05
3056.0280140070035,1.252828606939773e-05
3060.1300650325165,1.2809942286995319e-05
3064.232116058029,1.3096165345130734e-05
3068.334167083542,1.3386961592065194e-05
3072.4362181090546,1.368233579061258e-05
3076.5382691345676,1.3982291069403717e-05
3080.64032016008,1.4286828874848327e-05
3084.742371185593,1.4595948923844104e-05
3088.8444222111057,1.490964915728093e-05
3092.9464732366187,1.5227925694390441e-05
3097.048524262131,1.555077278798942e-05
3101.150575287644,1.587818278066773e-05
3105.2526263131567,1.6210146061969623e-05
3109.3546773386697,1.654665102661929e-05
3113.4567283641823,1.6887684033839617e-05
3117.5587793896952,1.7233229367815084e-05
3121.660830415208,1.75832691993474e-05
3125.762881440721,1.7937783548754784e-05
3129.8649324662333,1.8296750250062958e-05
3133.9669834917463,1.866014491653817e-05
3138.069034517259,1.9027940907609776e-05
3142.171085542772,1.9400109297231754e-05
3146.2731365682844,1.9776618843729826e-05
3150.375187593797,2.015743596118236e-05
3154.47723861931,2.0542524692380778e-05
3158.5792896448224,2.0931846683415432e-05
3162.6813406703354,2.132536115993261e-05
3166.783391695848,2.1723024905105463e-05
3170.885442721361,2.212479223936347e-05
3174.9874937468735,2.2530615001921296e-05
3179.0895447723865,2.2940442534149178e-05
3183.191595797899,2.3354221664823734e-05
3187.293646823412,2.377189669729889e-05
3191.3956978489246,2.4193409398632976e-05
3195.4977488744375,2.461869899070943e-05
3199.59979989995,2.5047702143384077e-05
3203.701850925463,2.5480352969693357e-05
3207.8039019509756,2.5916583023153566e-05
3211.9059529764886,2.6356321297182104e-05
3216.008004002001,2.6799494226667375e-05
3220.110055027514,2.7246025691714926e-05
3224.2121060530267,2.7695837023592606e-05
3228.3141570785397,2.814884701289887e-05
3232.416208104052,2.8604971919972752e-05
3236.518259129565,2.906412548756577e-05
3240.6203101550777,2.9526218955790254e-05
3244.7223611805907,2.9991161079359854e-05
3248.8244122061033,3.0458858147132593e-05
3252.9264632316163,3.092921400396758e-05
3257.028514257129,3.140213007490126e-05
3261.130565282642,3.187750539164976e-05
3265.2326163081543,3.23552366214382e-05
3269.334667333667,3.283521809815896e-05
3273.43671835918,3.3317341855855e-05
3277.5387693846924,3.380149766452429e-05
3281.6408204102054,3.428757306823823e-05
3285.742871435718,3.477545342556304e-05
3289.844922461231,3.526502195227319e-05
3293.9469734867434,3.5756159766340275e-05
3298.0490245122564,3.624874593518088e-05
3302.151075537769,3.6742657525142076e-05
3306.253126563282,3.723776965320261e-05
3310.3551775887945,3.773395554086299e-05
3314.4572286143075,3.8231086570197395e-05
3318.55927963982,3.8729032342035376e-05
3322.661330665333,3.9227660736240897e-05
3326.7633816908456,3.9726837974051225e-05
3330.8654327163586,4.02264286824384e-05
3334.967483741871,4.072629596045007e-05
3339.069534767384,4.1226301447487775e-05
3343.1715857928966,4.1726305393473774e-05
3347.2736368184096,4.222616673085982e-05
3351.375687843922,4.2725743148423924e-05
3355.477738869435,4.322489116680322e-05
3359.5797898949477,4.372346621570466e-05
3363.6818409204607,4.4221322712736385e-05
3367.783891945973,4.471831414379701e-05
3371.885942971486,4.521429314496122e-05
3375.9879939969987,4.5709111585794125e-05
3380.0900450225117,4.62026206540288e-05
3384.1920960480243,4.669467094153484e-05
3388.294147073537,4.7185112531508474e-05
3392.39619809905,4.7673795086808535e-05
3396.4982491245623,4.816056793936355e-05
3400.6003001500753,4.864528018057288e-05
3404.702351175588,4.9127780752621516e-05
3408.804402201101,4.9607918540629416e-05
3412.9064532266134,5.0085542465551387e-05
3417.0085042521264,5.056050157774553e-05
3421.110555277639,5.1032645151123464e-05
3425.212606303152,5.150182277779766e-05
3429.3146573286645,5.196788446313679e-05
3433.4167083541774,5.2430680721142335e-05
3437.51875937969,5.289006267005507e-05
3441.620810405203,5.334588212810312e-05
3445.7228614307155,5.379799170929873e-05
3449.8249124562285,5.4246244919193754e-05
3453.926963481741,5.469049625050018e-05
3458.029014507254,5.513060127848478e-05
3462.1310655327666,5.5566416756043334e-05
3466.2331165582796,5.5997800708363314e-05
3470.335167583792,5.6424612527080185e-05
3474.437218609305,5.684671306383613e-05
3478.5392696348176,5.726396472314693e-05
3482.6413206603306,5.767623155448587e-05
3486.743371685843,5.8083379343491575e-05
3490.845422711356,5.8485275702209563e-05
3494.9474737368687,5.8881790158275196e-05
3499.0495247623817,5.927279424294997e-05
3503.151575787894,5.965816157792006e-05
3507.2536268134068,6.003776796077097e-05
3511.3556778389197,6.041149144905004e-05
3515.4577288644323,6.0779212442831734e-05
3519.5597798899453,6.114081376570178e-05
3523.661830915458,6.149618074407662e-05
3527.763881940971,6.184520128477786e-05
3531.8659329664833,6.218776595078147e-05
3535.9679839919963,6.25237680350651e-05
3540.070035017509,6.285310363247655e-05
3544.172086043022,6.317567170955108e-05
3548.2741370685344,6.349137417220474e-05
3552.3761880940474,6.380011593123559e-05
3556.47823911956,6.410180496556467e-05
3560.580290145073,6.439635238315313e-05
3564.6823411705855,6.468367247953266e-05
3568.7843921960985,6.496368279389027e-05
3572.886443221611,6.523630416265006e-05
3576.988494247124,6.550146077049852e-05
3581.0905452726365,6.575908019880135e-05
3585.1925962981495,6.60090934713641e-05
3589.294647323662,6.625143509749052e-05
3593.396698349175,6.648604311229694e-05
3597.4987493746876,6.671285911424252e-05
3601.6008004002006,6.693182829983993e-05
3605.702851425713,6.714289949551269e-05
3609.804902451226,6.734602518656995e-05
3613.9069534767386,6.754116154327176e-05
3618.009004502251,6.772826844396158e-05
3622.111055527764,6.790730949524634e-05
3626.2131065532767,6.807825204920697e-05
3630.3151575787897,6.824106721762674e-05
3634.4172086043022,6.839572988322699e-05
3638.519259629815,6.854221870790421e-05
3642.6213106553278,6.868051613796502e-05
3646.7233616808408,6.881060840635987e-05
3650.8254127063533,6.893248553191851e-05
3654.9274637318663,6.904614131559512e-05
3659.029514757379,6.915157333373285e-05
3663.131565782892,6.924878292836218e-05
3667.2336168084043,6.933777519454964e-05
3671.3356678339173,6.941855896481805e-05
3675.43771885943,6.949114679066146e-05
3679.539769884943,6.955555492118175e-05
3683.6418209104554,6.96118032788773e-05
3687.7438719359684,6.965991543261677e-05
3691.845922961481,6.969991856783413e-05
3695.947973986994,6.973184345398472e-05
3700.0500250125065,6.975572440930419e-05
3704.1520760380195,6.97715992629158e-05
3708.254127063532,6.977950931433386e-05
3712.356178089045,6.977949929041431e-05
3716.4582291145575,6.977161729980558e-05
3720.5602801400705,6.975591478495612e-05
3724.662331165583,6.973244647173667e-05
3728.764382191096,6.970127031673857e-05
3732.8664332166086,6.966244745231116e-05
3736.968484242121,6.961604212940392e-05
3741.070535267634,6.956212165828078e-05
3745.1725862931467,6.95007563471764e-05
3749.2746373186596,6.943201943896588e-05
3753.376688344172,6.935598704592144e-05
3757.478739369685,6.927273808263094e-05
3761.5807903951977,6.918235419715532e-05
3765.6828414207107,6.908491970050269e-05
3769.7848924462232,6.898052149449907e-05
3773.8869434717362,6.886924899813642e-05
3777.9889944972488,6.875119407247998e-05
3782.0910455227618,6.862645094421777e-05
3786.1930965482743,6.849511612793678e-05
3790.2951475737873,6.835728834720954e-05
3794.3971985993,6.821306845457766e-05
3798.499249624813,6.806255935051727e-05
3802.6013006503254,6.790586590147328e-05
3806.7033516758383,6.774309485704917e-05
3810.805402701351,6.757435476643888e-05
3814.907453726864,6.739975589418802e-05
3819.0095047523764,6.721941013537134e-05
3823.1115557778894,6.703343093027299e-05
3827.213606803402,6.684193317865634e-05
3831.315657828915,6.664503315370928e-05
3835.4177088544275,6.644284841575074e-05
3839.5197598799405,6.623549772578317e-05
3843.621810905453,6.60231009589757e-05
3847.723861930966,6.580577901816084e-05
3851.8259129564785,6.558365374742775e-05
3855.927963981991,6.535684784589327e-05
3860.030015007504,6.512548478173099e-05
3864.1320660330166,6.488968870653778e-05
3868.2341170585296,6.464958437011507e-05
3872.336168084042,6.440529703574174e-05
3876.438219109555,6.415695239601295e-05
3880.5402701350677,6.390467648931872e-05
3884.6423211605807,6.364859561703315e-05
3888.744372186093,6.338883626148482e-05
3892.846423211606,6.312552500477565e-05
3896.9484742371187,6.28587884485149e-05
3901.0505252626317,6.2588753134532e-05
3905.1525762881442,6.231554546663063e-05
3909.2546273136572,6.203929163344358e-05
3913.35667833917,6.176011753244685e-05
3917.4587293646828,6.147814869518805e-05
3921.5607803901953,6.119351021378297e-05
3925.6628314157083,6.090632666873098e-05
3929.764882441221,6.061672205809867e-05
3933.866933466734,6.032481972811729e-05
3937.9689844922464,6.0030742305239086e-05
3942.0710355177594,5.973461162969307e-05
3946.173086543272,5.943654869058035e-05
3950.275137568785,5.913667356254494e-05
3954.3771885942974,5.883510534405513e-05
3958.4792396198104,5.8531962097326224e-05
3962.581290645323,5.8227360789915e-05
3966.683341670836,5.7921417238011654e-05
3970.7853926963485,5.761424605145458e-05
3974.887443721861,5.7305960580488904e-05
3978.989494747374,5.6996672864288736e-05
3983.0915457728865,5.668649358126022e-05
3987.1935967983995,5.637553200113909e-05
3991.295647823912,5.6063895938896066e-05
3995.397698849425,5.575169171045849e-05
3999.4997498749376,5.543902409025697e-05
4003.6018009004506,5.512599627060084e-05
4007.703851925963,5.481270982288633e-05
4011.805902951476,5.449926466063726e-05
4015.9079539769887,5.41857590043772e-05
4020.0100050025017,5.387228934832881e-05
4024.112056028014,5.355895042893527e-05
4028.214107053527,5.3245835195195016e-05
4032.3161580790397,5.293303478080079e-05
4036.4182091045527,5.2620638478070484e-05
4040.5202601300653,5.230873371365695e-05
4044.6223111555782,5.1997406026020237e-05
4048.724362181091,5.1686739044646376e-05
4052.826413206604,5.1376814470992444e-05
4056.9284642321163,5.106771206113892e-05
4061.0305152576293,5.075950961012583e-05
4065.132566283142,5.045228293795071e-05
4069.234617308655,5.014610587720203e-05
4073.3366683341674,4.98410502623035e-05
4077.4387193596804,4.953718592034019e-05
4081.540770385193,4.92345806634395e-05
4085.6428214107054,4.8933300282675895e-05
4089.7448724362184,4.863340854346978e-05
4093.846923461731,4.833496718244838e-05
4097.9489744872435,4.8038035905735995e-05
4102.0510255127565,4.774267238864093e-05
4106.1530765382695,4.744893227670466e-05
4110.2551275637825,4.7156869188078676e-05
4114.357178589295,4.686653471719412e-05
4118.459229614808,4.6577978439687925e-05
4122.561280640321,4.629124791855051e-05
4126.6633316658335,4.6006388711457465e-05
4130.765382691346,4.572344437924932e-05
4134.867433716859,4.54424564955219e-05
4138.969484742372,4.5163464657291614e-05
4143.071535767885,4.488650649669685e-05
4147.173586793397,4.461161769369998e-05
4151.27563781891,4.433883198975204e-05
4155.377688844423,4.4068181202384354e-05
4159.479739869936,4.379969524068935e-05
4163.581790895448,4.3533402121655186e-05
4167.683841920961,4.3269327987317456e-05
4171.785892946474,4.300749712269338e-05
4175.887943971987,4.2747931974462084e-05
4179.989994997499,4.2490653170357124e-05
4184.092046023012,4.2235679539236565e-05
4188.194097048525,4.198302813179769e-05
4192.296148074038,4.173271424190234e-05
4196.39819909955,4.148475142848155e-05
4200.500250125063,4.1239151537986894e-05
4204.602301150576,4.099592472735871e-05
4208.704352176088,4.075507948748e-05
4212.806403201601,4.051662266708704e-05
4216.908454227114,4.028055949710859e-05
4221.010505252627,4.0046893615405186e-05
4225.112556278139,3.981562709188228e-05
4229.214607303652,3.9586760453950715e-05
4233.316658329165,3.9360292712310305e-05
4237.418709354678,3.913622138703132e-05
4241.52076038019,3.891454253391132e-05
4245.622811405703,3.869525077108462e-05
4249.724862431216,3.8478339305863544e-05
4253.826913456729,3.8263799961790206e-05
4257.928964482241,3.805162320587993e-05
4262.031015507754,3.784179817603716e-05
4266.133066533267,3.763431270862706e-05
4270.23511755878,3.742915336618475e-05
4274.337168584292,3.722630546524753e-05
4278.439219609805,3.7025753104294156e-05
4282.541270635318,3.682747919177796e-05
4286.643321660831,3.663146547423976e-05
4290.745372686343,3.643769256448864e-05
4294.847423711856,3.624613996983873e-05
4298.949474737369,3.605678612039183e-05
4303.051525762882,3.586960839735478e-05
4307.153576788394,3.568458316138345e-05
4311.255627813907,3.550168578094382e-05
4315.35767883942,3.532089066068334e-05
4319.459729864932,3.5142171269804264e-05
4323.561780890445,3.496550017043304e-05
4327.663831915958,3.479084904597995e-05
4331.765882941471,3.461818872948286e-05
4335.867933966983,3.4447489231930924e-05
4339.969984992496,3.427871977056314e-05
4344.072036018009,3.411184879713873e-05
4348.174087043522,3.394684402617465e-05
4352.2761380690345,3.378367246314812e-05
4356.378189094547,3.362230043266044e-05
4360.48024012006,3.3462693606560566e-05
4364.582291145573,3.330481703202516e-05
4368.6843421710855,3.314863515959379e-05
4372.7863931965985,3.2994111871157076e-05
4376.8884442221115,3.2841210507896365e-05
4380.9904952476245,3.268989389817302e-05
4385.092546273137,3.254012438536611e-05
4389.19459729865,3.239186385565666e-05
4393.296648324163,3.224507376575758e-05
4397.398699349676,3.209971517058714e-05
4401.500750375188,3.1955748750884734e-05
4405.602801400701,3.181313484076718e-05
4409.704852426214,3.1671833455224035e-05
4413.806903451727,3.153180431754933e-05
4417.908954477239,3.1393006886708295e-05
4422.011005502752,3.1255400384635946e-05
4426.113056528265,3.111894382346576e-05
4430.215107553778,3.0983596032684706e-05
4434.31715857929,3.0849315686211915e-05
4438.419209604803,3.071606132939718e-05
4442.521260630316,3.058379140593584e-05
4446.623311655828,3.0452464284695277e-05
4450.725362681341,3.0322038286448585e-05
4454.827413706854,3.0192471710510755e-05
4458.929464732367,3.0063722861271366e-05
4463.031515757879,2.9935750074618302e-05
4467.133566783392,2.9808511744246036e-05
4471.235617808905,2.9681966347841973e-05
4475.337668834418,2.9556072473143317e-05
4479.43971985993,2.9430788843857106e-05
4483.541770885443,2.9306074345434997e-05
4487.643821910956,2.918188805069484e-05
4491.745872936469,2.9058189245279165e-05
4495.847923961981,2.8934937452941827e-05
4499.949974987494,2.8812092460652302e-05
4504.052026013007,2.8689614343507875e-05
4508.15407703852,2.856746348944215e-05
4512.256128064032,2.8445600623719234e-05
4516.358179089545,2.8323986833201438e-05
4520.460230115058,2.820258359037892e-05
4524.562281140571,2.8081352777148196e-05
4528.664332166083,2.7960256708327128e-05
4532.766383191596,2.7839258154892847e-05
4536.868434217109,2.771832036692939e-05
4540.970485242622,2.7597407096270834e-05
4545.072536268134,2.7476482618825938e-05
4549.174587293647,2.7355511756569753e-05
4553.27663831916,2.723445989918779e-05
4557.378689344672,2.7113293025357396e-05
4561.480740370185,2.6991977723651464e-05
4565.582791395698,2.687048121304945e-05
4569.684842421211,2.67487713630398e-05
4573.786893446723,2.6626816713298606e-05
4577.888944472236,2.650458649292881e-05
4581.990995497749,2.638205063924453e-05
4586.093046523262,2.6259179816084413e-05
4590.195097548774,2.613594543163893e-05
4594.297148574287,2.6012319655775615e-05
4598.3991995998,2.588827543684718e-05
4602.501250625313,2.576378651796685e-05
4606.603301650825,2.5638827452735864e-05
4610.705352676338,2.5513373620408054e-05
4614.807403701851,2.5387401240477095e-05
4618.909454727364,2.5260887386671345e-05
4623.0115057528765,2.513381000034257e-05
4627.1135567783895,2.5006147903234325e-05
4631.2156078039025,2.4877880809616866e-05
4635.317658829415,2.4748989337775038e-05
4639.4197098549275,2.4619455020836784e-05
4643.5217608804405,2.448926031692977e-05
4647.6238119059535,2.435838861865484e-05
4651.7258629314665,2.422682426186453e-05
4655.827913956979,2.4094552533736382e-05
4659.929964982492,2.3961559680130755e-05
4664.032016008005,2.3827832912224e-05
4668.134067033517,2.369336041240775e-05
4672.23611805903,2.355813133944629e-05
4676.338169084543,2.342213583288493e-05
4680.440220110056,2.3285365016702e-05
4684.542271135568,2.3147811002198832e-05
4688.644322161081,2.3009466890122283e-05
4692.746373186594,2.2870326772015604e-05
4696.848424212107,2.273038573079342e-05
4700.950475237619,2.258963984053846e-05
4705.052526263132,2.244808616551745e-05
4709.154577288645,2.2305722758415594e-05
4713.256628314158,2.2162548657788532e-05
4717.35867933967,2.201856388473278e-05
4721.460730365183,2.18737694387756e-05
4725.562781390696,2.1728167292987066e-05
4729.664832416209,2.1581760388316747e-05
4733.766883441721,2.143455262715954e-05
4737.868934467234,2.1286548866155114e-05
4741.970985492747,2.1137754908227205e-05
4746.07303651826,2.0988177493868933e-05
4750.175087543772,2.083782429168192e-05
4754.277138569285,2.068670388817744e-05
4758.379189594798,2.053482577684937e-05
4762.481240620311,2.038220034652833e-05
4766.583291645823,2.0228838869028634e-05
4770.685342671336,2.0074753486099484e-05
4774.787393696849,1.9919957195693574e-05
4778.889444722362,1.976446383756596e-05
4782.991495747874,1.960828807821801e-05
4787.093546773387,1.9451445395201092e-05
4791.1955977989,1.9293952060796414e-05
4795.297648824412,1.913582512508687e-05
4799.399699849925,1.8977082398438585e-05
4803.501750875438,1.8817742433410458e-05
4807.603801900951,1.865782450610965e-05
4811.705852926463,1.8497348597012936e-05
4815.807903951976,1.8336335371273513e-05
4819.909954977489,1.817480615853426e-05
4824.012006003002,1.8012782932267893e-05
4828.114057028514,1.7850288288666275e-05
4832.216108054027,1.76873454251005e-05
4836.31815907954,1.752397811817506e-05
4840.420210105053,1.736021070139834e-05
4844.522261130565,1.719606804249358e-05
4848.624312156078,1.703157552037367e-05
4852.726363181591,1.6866759001804516e-05
4856.828414207104,1.6701644817780844e-05
4860.930465232616,1.6536259739639745e-05
4865.032516258129,1.637063095493647e-05
4869.134567283642,1.6204786043108366e-05
4873.236618309155,1.603875295095154e-05
4877.338669334667,1.5872559967936305e-05
4881.44072036018,1.5706235701386653e-05
4885.542771385693,1.5539809051549847e-05
4889.644822411206,1.5373309186581184e-05
4893.7468734367185,1.5206765517470126e-05
4897.8489244622315,1.5040207672932892e-05
4901.9509754877445,1.487366547429768e-05
4906.053026513257,1.4707168910407178e-05
4910.15507753877,1.4540748112563885e-05
4914.2571285642825,1.4374433329543633e-05
4918.3591795897955,1.4208254902701406e-05
4922.461230615308,1.4042243241194558e-05
4926.563281640821,1.3876428797347278e-05
4930.665332666334,1.3710842042180739e-05
4934.767383691847,1.3545513441131848e-05
4938.869434717359,1.3380473429984288e-05
4942.971485742872,1.3215752391034173e-05
4947.073536768385,1.3051380629513254e-05
4951.175587793898,1.288738835029073e-05
4955.27763881941,1.272380563487563e-05
4959.379689844923,1.2560662418740074e-05
4963.481740870436,1.239798846898432e-05
4967.583791895949,1.2235813362362495e-05
4971.685842921461,1.2074166463688692e-05
4975.787893946974,1.1913076904641466e-05
4979.889944972487,1.175257356298512e-05
4983.991995998,1.1592685042224208e-05
4988.094047023512,1.1433439651708357e-05
4992.196098049025,1.1274865387202725e-05
4996.298149074538,1.111698991193977e-05
5000.400200100051,1.095984053816599e-05
5004.502251125563,1.0803444209197803e-05
5008.604302151076,1.0647827481999054e-05
5012.706353176589,1.0493016510292786e-05
5016.808404202102,1.0339037028217984e-05
5020.910455227614,1.018591433454241e-05
5025.012506253127,1.0033673277440895e-05
5029.11455727864,9.882338239848715e-06
5033.216608304152,9.731933125397566e-06
5037.318659329665,9.582481344941948e-06
5041.420710355178,9.434005803682887e-06
5045.522761380691,9.28652888889419e-06
5049.624812406203,9.140072458256899e-06
5053.726863431716,8.99465782880579e-06
5057.828914457229,8.850305766491968e-06
5061.930965482742,8.70703647636359e-06
5066.033016508254,8.564869593367256e-06
5070.135067533767,8.423824173770828e-06
5074.23711855928,8.28391868720861e-06
5078.339169584793,8.145171009347998e-06
5082.441220610305,8.007598415177008e-06
5086.543271635818,7.871217572910571e-06
5090.645322661331,7.736044538513596e-06
5094.747373686844,7.602094750837002e-06
5098.849424712356,7.469383027363373e-06
5102.951475737869,7.337923560557325e-06
5107.053526763382,7.207729914815877e-06
5111.155577788895,7.078815024012437e-06
5115.257628814407,6.951191189628442e-06
5119.35967983992,6.824870079465246e-06
5123.461730865433,6.69986272692913e-06
5127.563781890946,6.576179530880682e-06
5131.665832916458,6.453830256040276e-06
5135.767883941971,6.332824033940104e-06
5139.869934967484,6.2131693644134346e-06
5143.971985992996,6.094874117610407e-06
5148.074037018509,5.977945536529904e-06
5152.176088044022,5.862390240056668e-06
5156.278139069535,5.748214226491618e-06
5160.3801900950475,5.635422877563922e-06
5164.4822411205605,5.524020962912201e-06
5168.5842921460735,5.414012645022723e-06
5172.6863431715865,5.305401484611084e-06
5176.788394197099,5.198190446434613e-06
5180.890445222612,5.09238190552166e-06
5184.992496248125,4.987977653804449e-06
5189.0945472736375,4.884978907141002e-06
5193.19659829915,4.783386312712377e-06
5197.298649324663,4.683199956780531e-06
5201.400700350176,4.584419372792728e-06
5205.502751375689,4.487043549817325e-06
5209.604802401201,4.391070941296575e-06
5213.706853426714,4.296499474101321e-06
5217.808904452227,4.203326557873003e-06
5221.91095547774,4.111549094637587e-06
5226.013006503252,4.021163488676773e-06
5230.115057528765,3.932165656641223e-06
5234.217108554278,3.844551037891187e-06
5238.319159579791,3.7583146050491406e-06
5242.421210605303,3.6734508747498956e-06
5246.523261630816,3.589953918573137e-06
5250.625312656329,3.50781737414397e-06
5254.727363681841,3.42703445638649e-06
5258.829414707354,3.3475979689161125e-06
5262.931465732867,3.2695003155564517e-06
5267.03351675838,3.192733511966255e-06
5271.135567783892,3.1172891973626807e-06
5275.237618809405,3.0431586463269056e-06
5279.339669834918,2.9703327806787644e-06
5283.441720860431,2.8988021814066646e-06
5287.543771885943,2.8285571006399564e-06
5291.645822911456,2.759587473650651e-06
5295.747873936969,2.6918829308720926e-06
5299.849924962482,2.6254328099219354e-06
5303.951975987994,2.5602261676175753e-06
5308.054027013507,2.4962517919720663e-06
5312.15607803902,2.4334982141592707e-06
5316.258129064533,2.371953720436755e-06
5320.360180090045,2.3116063640158127e-06
5324.462231115558,2.252443976867886e-06
5328.564282141071,2.1944541814573953e-06
5332.666333166584,2.137624402390841e-06
5336.768384192096,2.081941877972822e-06
5340.870435217609,2.0273936716596666e-06
5344.972486243122,1.9739666834020014e-06
5349.074537268635,1.921647660867542e-06
5353.176588294147,1.8704232105361602e-06
5357.27863931966,1.8202798086593232e-06
5361.380690345173,1.7712038120766634e-06
5365.482741370686,1.723181468882411e-06
5369.584792396198,1.6761989289351784e-06
5373.686843421711,1.6302422542046214e-06
5377.788894447224,1.5852974289492163e-06
5381.890945472736,1.5413503697193047e-06
5385.992996498249,1.4983869351802787e-06
5390.095047523762,1.4563929357511018e-06
5394.197098549275,1.4153541430534245e-06
5398.299149574787,1.3752562991672835e-06
5402.4012006003,1.3360851256894142e-06
5406.503251625813,1.2978263325908382e-06
5410.605302651326,1.2604656268703832e-06
5414.7073536768385,1.2239887210014496e-06
5418.8094047023515,1.188381341169449e-06
5422.911455727864,1.1536292352978502e-06
5427.013506753377,1.1197181808608414e-06
5431.1155577788895,1.0866339924811968e-06
5435.2176088044025,1.0543625293120145e-06
5439.3196598299155,1.0228897022015344e-06
5443.4217108554285,9.922014806402284e-07
5447.523761880941,9.622838994899489e-07
5451.625812906454,9.331230654949751e-07
5455.727863931967,9.047051635752552e-07
5459.82991495748,8.770164629021963e-07
5463.931965982992,8.500433227578063e-07
5468.034017008505,8.237721981781047e-07
5472.136068034018,7.98189645382087e-07
5476.238119059531,7.732823269875859e-07
5480.340170085043,7.490370170157782e-07
5484.442221110556,7.25440605686161e-07
5488.544272136069,7.024801040041685e-07
5492.646323161581,6.80142648143622e-07
5496.748374187094,6.584155036265435e-07
5500.850425212607,6.372860693030409e-07
5504.95247623812,6.167418811340054e-07
5509.054527263632,5.96770615779704e-07
5513.156578289145,5.773600939973779e-07
5517.258629314658,5.584982838512178e-07
5521.360680340171,5.401733037380876e-07
5525.462731365683,5.223734252326441e-07
5529.564782391196,5.050870757555093e-07
5533.666833416709,4.883028410683879e-07
5537.768884442222,4.7200946759997406e-07
5541.870935467734,4.5619586460674924e-07
5545.972986493247,4.408511061727471e-07
5550.07503751876,4.259644330525494e-07
5554.177088544273,4.1152525436173344e-07
5558.279139569785,3.9752314911917803e-07
5562.381190595298,3.8394786764560977e-07
5566.483241620811,3.707893328229148e-07
5570.585292646324,3.580376412186739e-07
5574.687343671836,3.456830640805339e-07
5578.789394697349,3.3371604820498315e-07
5582.891445722862,3.221272166852027e-07
5586.993496748375,3.109073695425843e-07
5591.095547773887,3.000474842466296e-07
5595.1975987994,2.895387161278722e-07
5599.299649824913,2.793723986885457e-07
5603.401700850425,2.69540043815627e-07
5607.503751875938,2.6003334190095314e-07
5611.605802901451,2.508441618730884e-07
5615.707853926964,2.419645511455431e-07
5619.809904952476,2.3338673548600296e-07
5623.911955977989,2.2510311881113292e-07
5628.014007003502,2.171062829115576e-07
5632.116058029015,2.0938898711149445e-07
5636.218109054527,2.0194416786757114e-07
5640.32016008004,1.9476493831123746e-07
5644.422211105553,1.8784458773920034e-07
5648.524262131066,1.8117658105618933e-07
5652.626313156578,1.7475455817436784e-07
5656.728364182091,1.68572333373602e-07
5660.830415207604,1.6262389462677762e-07
5664.932466233117,1.569034028942416e-07
5669.034517258629,1.5140519139142563e-07
5673.136568284142,1.461237648336006e-07
5677.238619309655,1.4105379866167611e-07
5681.340670335168,1.3619013825283666e-07
5685.4427213606805,1.315277981197724e-07
5689.5447723861935,1.2706196110215206e-07
5693.6468234117065,1.2278797755392953e-07
5697.7488744372195,1.1870136452995905e-07
5701.8509254627315,1.1479780497534012e-07
5705.9529764882445,1.1107314692080288e-07
5710.0550275137575,1.0752340268737622e-07
5714.1570785392705,1.0414474810346291e-07
5718.259129564783,1.0093352173738057e-07
5722.361180590296,9.788622414831663e-08
5726.463231615809,9.499951715856373e-08
5730.565282641321,9.227022314978968e-08
5734.667333666834,8.969532438601289e-08
5738.769384692347,8.727196236585686e-08
5742.87143571786,8.49974372065437e-08
5746.973486743372,8.286920706200375e-08
5751.075537768885,8.08848875773669e-08
5755.177588794398,7.904225138200822e-08
5759.279639819911,7.733922762320767e-08
5763.381690845423,7.577390154239233e-08
5767.483741870936,7.434451409581703e-08
5771.585792896449,7.304946162144573e-08
5775.687843921962,7.188729555367775e-08
5779.789894947474,7.085672218747098e-08
5783.891945972987,6.99566024933013e-08
5787.9939969985,6.918595198429549e-08
5792.096048024013,6.854394063676455e-08
5796.198099049525,6.802989286526184e-08
5800.300150075038,6.764328755318062e-08
5804.402201100551,6.738375813979982e-08
5808.504252126064,6.72510927645771e-08
5812.606303151576,6.724523446938211e-08
5816.708354177089,6.736628145925268e-08
5820.810405202602,6.761448742214902e-08
5824.912456228115,6.799026190807055e-08
5829.014507253627,6.849417076779162e-08
5833.11655827914,6.912693665136173e-08
5837.218609304653,6.988943956640552e-08
5841.320660330165,7.07827174961479e-08
5845.422711355678,7.180796707697926e-08
5849.524762381191,7.296654433526133e-08
5853.626813406704,7.42599654829683e-08
5857.728864432216,7.568990777164061e-08
5861.830915457729,7.725821040402194e-08
5865.932966483242,7.896687550262868e-08
5870.035017508755,8.081806913440273e-08
5874.137068534267,8.281412239047034e-08
5878.23911955978,8.495753251992901e-08
5882.341170585293,8.725096411645817e-08
5886.443221610806,8.969725035645144e-08
5890.545272636318,9.229939428723967e-08
5894.647323661831,9.506057016387032e-08
5898.749374687344,9.798412483278334e-08
5902.851425712857,1.0107357916062538e-07
5906.953476738369,1.0433262950631208e-07
5911.055527763882,1.0776514923434922e-07
5915.157578789395,1.113751902672906e-07
5919.259629814908,1.1516698467511919e-07
5923.36168084042,1.1914494629920065e-07
5927.463731865933,1.233136724083635e-07
5931.565782891446,1.276779453845207e-07
5935.667833916959,1.3224273443516708e-07
5939.769884942471,1.3701319732994174e-07
5943.871935967984,1.4199468215835125e-07
5947.973986993497,1.4719272910561732e-07
5952.0760380190095,1.5261307224352575e-07
5956.1780890445225,1.5826164133302224e-07
5960.2801400700355,1.6414456363517862e-07
5964.3821910955485,1.7026816572708227e-07
5968.484242121061,1.7663897531904453e-07
5972.586293146574,1.8326372306945418e-07
5976.6883441720865,1.9014934439345244e-07
5980.7903951975995,1.9730298126155164e-07
5984.892446223112,2.0473198398416176e-07
5988.994497248625,2.124439129779278e-07
5993.096548274138,2.2044654050963057e-07
5997.198599299651,2.2874785241336534e-07
6001.300650325163,2.3735604977655035e-07
6005.402701350676,2.4627955059026943e-07
6009.504752376189,2.5552699135930693e-07
6013.606803401702,2.651072286672074e-07
6017.708854427214,2.7502934069152827e-07
6021.810905452727,2.8530262866443403e-07
6025.91295647824,2.959366182736189e-07
6030.015007503753,3.0694106099855274e-07
6034.117058529265,3.183259353768814e-07
6038.219109554778,3.3010144819580266e-07
6042.321160580291,3.422780356030949e-07
6046.423211605804,3.5486636413249516e-07
6050.525262631316,3.6787733163797414e-07
6054.627313656829,3.813220681314607e-07
6058.729364682342,3.952119365184293e-07
6062.831415707855,4.095585332258281e-07
6066.933466733367,4.243736887166525e-07
6071.03551775888,4.396694678855338e-07
6075.137568784393,4.554581703295541e-07
6079.239619809905,4.7175233048860683e-07
6083.341670835418,4.885647176494892e-07
6087.443721860931,5.059083358078848e-07
6091.545772886444,5.237964233824847e-07
6095.647823911956,5.422424527753514e-07
6099.749874937469,5.612601297727344e-07
6103.851925962982,5.808633927804354e-07
6107.953976988495,6.010664118879701e-07
6112.056028014007,6.21883587755647e-07
6116.15807903952,6.433295503188224e-07
6120.260130065033,6.654191573034834e-07
6124.362181090546,6.88167492547527e-07
6128.464232116058,7.115898641219763e-07
6132.566283141571,7.357018022465421e-07
6136.668334167084,7.605190569938792e-07
6140.770385192597,7.860575957771221e-07
6144.872436218109,8.12333600615187e-07
6148.974487243622,8.39363465170536e-07
6153.076538269135,8.671637915540617e-07
6157.178589294648,8.957513868920342e-07
6161.28064032016,9.251432596499614e-07
6165.382691345673,9.553566157085008e-07
6169.484742371186,9.864088541865051e-07
6173.586793396699,1.0183175630066491e-06
6177.688844422211,1.0511005141990019e-06
6181.790895447724,1.0847756589382486e-06
6185.892946473237,1.119361122310223e-06
6189.994997498749,1.1548751978038407e-06
6194.097048524262,1.1913363415245147e-06
6198.199099549775,1.2287631661252876e-06
6202.301150575288,1.2671744344523744e-06
6206.4032016008005,1.3065890529017034e-06
6210.505252626313,1.3470260644835267e-06
6214.607303651826,1.3885046415921276e-06
6218.709354677339,1.4310440784782242e-06
6222.8114057028515,1.4746637834215904e-06
6226.9134567283645,1.5193832706019322e-06
6231.0155077538775,1.5652221516660462e-06
6235.1175587793905,1.6122001269899118e-06
6239.219609804903,1.6603369766343136e-06
6243.321660830416,1.7096525509931478e-06
6247.423711855929,1.7601667611335728e-06
6251.525762881442,1.8118995688278793e-06
6255.627813906954,1.8648709762768562e-06
6259.729864932467,1.919101015525088e-06
6263.83191595798,1.9746097375686164e-06
6267.933966983493,2.0314172011561626e-06
6272.036018009005,2.089543461285051e-06
6276.138069034518,2.149008557393632e-06
6280.240120060031,2.2098325012520622e-06
6284.342171085544,2.2720352645540727e-06
6288.444222111056,2.3356367662123345e-06
6292.546273136569,2.400656859360722e-06
6296.648324162082,2.4671153180668194e-06
6300.750375187594,2.535031823758881e-06
6304.852426213107,2.6044259513714682e-06
6308.95447723862,2.6753171552143803e-06
6313.056528264133,2.7477247545703223e-06
6317.158579289645,2.821667919026629e-06
6321.260630315158,2.897165653547234e-06
6325.362681340671,2.974236783291029e-06
6329.464732366184,3.0528999381837392e-06
6333.566783391696,3.1331735372503338e-06
6337.668834417209,3.215075772715825e-06
6341.770885442722,3.298624593882266e-06
6345.872936468235,3.383837690790851e-06
6349.974987493747,3.470732477677744e-06
6354.07703851926,3.5593260762332586e-06
6358.179089544773,3.6496352986738584e-06
6362.281140570286,3.741676630637597e-06
6366.383191595798,3.835466213913309e-06
6370.485242621311,3.931019829014863e-06
6374.587293646824,4.028352877611585e-06
6378.689344672337,4.12748036482719e-06
6382.791395697849,4.228416881419119e-06
6386.893446723362,4.331176585851253e-06
6390.995497748875,4.435773186272715e-06
6395.097548774388,4.542219922416655e-06
6399.1995997999,4.65052954743252e-06
6403.301650825413,4.760714309666285e-06
6407.403701850926,4.872785934402833e-06
6411.505752876439,4.98675560558593e-06
6415.607803901951,5.102633947530626e-06
6419.709854927464,5.220431006644062e-06
6423.811905952977,5.34015623317014e-06
6427.913956978489,5.461818462974843e-06
6432.016008004002,5.585425899388504e-06
6436.118059029515,5.710986095121607e-06
6440.220110055028,5.83850593427175e-06
6444.32216108054,5.967991614438715e-06
6448.424212106053,6.099448628965584e-06
6452.526263131566,6.232881749323288e-06
6456.628314157079,6.368295007657236e-06
6460.730365182591,6.505691679513821e-06
6464.832416208104,6.645074266765594e-06
6468.934467233617,6.786444480753249e-06
6473.03651825913,6.9298032256637565e-06
6477.1385692846425,7.075150582163081e-06
6481.2406203101555,7.222485791302804e-06
6485.3426713356685,7.3718072387192806e-06
6489.444722361181,7.5231124391451035e-06
6493.5467733866935,7.676398021251572e-06
6497.6488244122065,7.831659712841801e-06
6501.7508754377195,7.988892326413198e-06
6505.8529264632325,8.148089745109238e-06
6509.954977488745,8.309244909079156e-06
6514.057028514258,8.472349802265177e-06
6518.159079539771,8.637395439635786e-06
6522.261130565284,8.804371854884718e-06
6526.363181590796,8.97326808861398e-06
6530.465232616309,9.144072177020028e-06
6534.567283641822,9.316771141101107e-06
6538.669334667334,9.491350976404767e-06
6542.771385692847,9.667796643333419e-06
6546.87343671836,9.846092058025452e-06
6550.975487743873,1.0026220083830345e-05
6555.077538769385,1.0208162523394466e-05
6559.179589794898,1.039190011137516e-05
6563.281640820411,1.0577412507799168e-05
6567.383691845924,1.0764678292082566e-05
6571.485742871436,1.0953674957727628e-05
6575.587793896949,1.1144378907712657e-05
6579.689844922462,1.1336765450589328e-05
6583.791895947975,1.1530808797303111e-05
6587.893946973487,1.1726482058750382e-05
6591.995997999,1.1923757244086491e-05
6596.098049024513,1.21226052597974e-05
6600.200100050026,1.232299590954846e-05
6604.302151075538,1.2524897894821824e-05
6608.404202101051,1.272827881635464e-05
6612.506253126564,1.2933105176388323e-05
6616.608304152077,1.3139342381740143e-05
6620.710355177589,1.3346954747706266e-05
6624.812406203102,1.3555905502805776e-05
6628.914457228615,1.3766156794373493e-05
6633.016508254128,1.3977669695010139e-05
6637.11855927964,1.4190404209896218e-05
6641.220610305153,1.440431928497644e-05
6645.322661330666,1.4619372816019491e-05
6649.424712356179,1.4835521658558922e-05
6653.526763381691,1.5052721638718423e-05
6657.628814407204,1.527092756492527e-05
6661.730865432717,1.5490093240513688e-05
6665.832916458229,1.5710171477220624e-05
6669.934967483742,1.5931114109574326e-05
6674.037018509255,1.615287201017527e-05
6678.139069534768,1.6375395105869522e-05
6682.24112056028,1.659863239481196e-05
6686.343171585793,1.682253196441744e-05
6690.445222611306,1.7047041010195644e-05
6694.547273636819,1.727210585546622e-05
6698.649324662331,1.74976719719483e-05
6702.751375687844,1.7723684001218796e-05
6706.853426713357,1.7950085777031863e-05
6710.95547773887,1.8176820348492367e-05
6715.057528764382,1.8403830004074097e-05
6719.159579789895,1.863105629647345e-05
6723.261630815408,1.8858440068287296e-05
6727.363681840921,1.908592147850461e-05
6731.465732866433,1.9313440029798558e-05
6735.567783891946,1.9540934596606678e-05
6739.669834917459,1.9768343453983977e-05
6743.771885942972,1.9995604307215072e-05
6747.8739369684845,2.022265432216871e-05
6751.9759879939975,2.0449430156378494e-05
6756.0780390195105,2.067586799083142e-05
6760.1800900450235,2.0901903562446854e-05
6764.2821410705355,2.112747219722575e-05
6768.3841920960485,2.1352508844050766e-05
6772.4862431215615,2.1576948109115416e-05
6776.588294147074,2.1800724290961565e-05
6780.690345172587,2.2023771416102345e-05
6784.7923961981,2.2246023275206686e-05
6788.894447223613,2.2467413459822444e-05
6792.996498249125,2.2687875399612562e-05
6797.098549274638,2.2907342400079365e-05
6801.200600300151,2.3125747680749988e-05
6805.302651325664,2.334302441379711e-05
6809.404702351176,2.3559105763066666e-05
6813.506753376689,2.3773924923484927e-05
6817.608804402202,2.3987415160815427e-05
6821.710855427715,2.419950985173733e-05
6825.812906453227,2.4410142524214546e-05
6829.91495747874,2.46192468981256e-05
6834.017008504253,2.48267569261226e-05
6838.119059529766,2.503260683468869e-05
6842.221110555278,2.5236731165361312e-05
6846.323161580791,2.543906481608938e-05
6850.425212606304,2.5639543082690875e-05
6854.527263631817,2.5838101700378596e-05
6858.629314657329,2.6034676885319715e-05
6862.731365682842,2.622920537619595e-05
6866.833416708355,2.6421624475729374e-05
6870.935467733868,2.6611872092140314e-05
6875.03751875938,2.6799886780502184e-05
6879.139569784893,2.6985607783958724e-05
6883.241620810406,2.716897507476803e-05
6887.343671835918,2.7349929395139135e-05
6891.445722861431,2.752841229782535e-05
6895.547773886944,2.770436618643891e-05
6899.649824912457,2.7877734355452195e-05
6903.751875937969,2.804846102984965e-05
6907.853926963482,2.8216491404395547e-05
6911.955977988995,2.8381771682481775e-05
6916.058029014508,2.85442491145213e-05
6920.16008004002,2.8703872035851704e-05
6924.262131065533,2.8860589904114426e-05
6928.364182091046,2.901435333607459e-05
6932.466233116559,2.9165114143847717e-05
6936.568284142071,2.9312825370498743e-05
6940.670335167584,2.945744132497986e-05
6944.772386193097,2.9598917616373464e-05
6948.87443721861,2.9737211187407548e-05
6952.976488244122,2.9872280347210607e-05
6957.078539269635,3.0004084803274147e-05
6961.180590295148,3.0132585692590647e-05
6965.282641320661,3.025774561193638e-05
6969.384692346173,3.0379528647267958e-05
6973.486743371686,3.0497900402202944e-05
6977.588794397199,3.0612828025554614e-05
6981.690845422712,3.072428023789253e-05
6985.792896448224,3.083222735710052e-05
6989.894947473737,3.093664132290483e-05
6993.99699849925,3.103749572034538e-05
6998.099049524763,3.1134765802164734e-05
7002.201100550275,3.122842851008924e-05
7006.303151575788,3.131846249497829e-05
7010.405202601301,3.140484813581796e-05
7014.5072536268135,3.1487567557536754e-05
7018.6093046523265,3.1566604647621735e-05
7022.7113556778395,3.164194507151399e-05
7026.8134067033525,3.171357628676406e-05
7030.915457728865,3.178148755592831e-05
7035.017508754378,3.1845669958188486e-05
7039.119559779891,3.19061163996776e-05
7043.2216108054035,3.1962821622496625e-05
7047.323661830916,3.2015782212407135e-05
7051.425712856429,3.206499660518648e-05
7055.527763881942,3.211046509163287e-05
7059.629814907455,3.215218982120927e-05
7063.731865932967,3.2190174804315745e-05
7067.83391695848,3.2224425913181285e-05
7071.935967983993,3.2254950881367284e-05
7076.038019009506,3.228175930187602e-05
7080.140070035018,3.2304862623858664e-05
7084.242121060531,3.232427414791862e-05
7088.344172086044,3.2340009020007105e-05
7092.446223111557,3.23520842239094e-05
7096.548274137069,3.236051857232096e-05
7100.650325162582,3.236533269651437e-05
7104.752376188095,3.236654903459904e-05
7108.854427213608,3.2364191818376874e-05
7112.95647823912,3.2358287058798475e-05
7117.058529264633,3.234886253002571e-05
7121.160580290146,3.233594775210768e-05
7125.262631315658,3.231957397227846e-05
7129.364682341171,3.2299774144886274e-05
7133.466733366684,3.227658290996493e-05
7137.568784392197,3.22500365704598e-05
7141.670835417709,3.222017306812173e-05
7145.772886443222,3.218703195808351e-05
7149.874937468735,3.215065438213508e-05
7153.976988494248,3.2111083040714514e-05
7158.07903951976,3.206836216363316e-05
7162.181090545273,3.202253747955483e-05
7166.283141570786,3.197365618424982e-05
7170.385192596299,3.192176690764582e-05
7174.487243621811,3.186691967969908e-05
7178.589294647324,3.1809165895110095e-05
7182.691345672837,3.1748558276909905e-05
7186.79339669835,3.168515083894312e-05
7190.895447723862,3.161899884727609e-05
7194.997498749375,3.1550158780558845e-05
7199.099549774888,3.147868828937118e-05
7203.201600800401,3.1404646154583675e-05
7207.303651825913,3.132809224476613e-05
7211.405702851426,3.124908747267618e-05
7215.507753876939,3.116769375086277e-05
7219.609804902452,3.1083973946419065e-05
7223.711855927964,3.099799183492118e-05
7227.813906953477,3.090981205358937e-05
7231.91595797899,3.081950005370987e-05
7236.018009004502,3.072712205235565e-05
7240.120060030015,3.0632744983445566e-05
7244.222111055528,3.0536436448182466e-05
7248.324162081041,3.0438264664910687e-05
7252.426213106553,3.0338298418435003e-05
7256.528264132066,3.0236607008843e-05
7260.630315157579,3.013326019987426e-05
7264.732366183092,3.0028328166879323e-05
7268.8344172086045,2.9921881444412997e-05
7272.9364682341175,2.9813990873506185e-05
7277.03851925963,2.9704727548661818e-05
7281.140570285143,2.9594162764619726e-05
7285.2426213106555,2.9482367962936908e-05
7289.3446723361685,2.9369414678428954e-05
7293.4467233616815,2.9255374485519614e-05
7297.5487743871945,2.9140318944544802e-05
7301.650825412707,2.9024319548058375e-05
7305.75287643822,2.890744766718659e-05
7309.854927463733,2.8789774498078882e-05
7313.956978489246,2.867137100850183e-05
7318.059029514758,2.8552307884624117e-05
7322.161080540271,2.84326554780395e-05
7326.263131565784,2.831248375307553e-05
7330.365182591297,2.8191862234434752e-05
7334.467233616809,2.8070859955215704e-05
7338.569284642322,2.7949545405360377e-05
7342.671335667835,2.782798648057504e-05
7346.773386693348,2.7706250431770175e-05
7350.87543771886,2.758440381506601e-05
7354.977488744373,2.7462512442408598e-05
7359.079539769886,2.734064133284227e-05
7363.181590795398,2.7218854664482292e-05
7367.283641820911,2.709721572723219e-05
7371.385692846424,2.69757868762894e-05
7375.487743871937,2.6854629486481547e-05
7379.589794897449,2.6733803907476036e-05
7383.691845922962,2.6613369419904e-05
7387.793896948475,2.6493384192439732e-05
7391.895947973988,2.6373905239875003e-05
7395.9979989995,2.6254988382227513e-05
7400.100050025013,2.6136688204921543e-05
7404.202101050526,2.601905802007811e-05
7408.304152076039,2.5902149828950513e-05
7412.406203101551,2.578601428554065e-05
7416.508254127064,2.5670700661430042e-05
7420.610305152577,2.5556256811858882e-05
7424.71235617809,2.544272914308442e-05
7428.814407203602,2.5330162581049778e-05
7432.916458229115,2.521860054139238e-05
7437.018509254628,2.5108084900820455e-05
7441.120560280141,2.499865596988417e-05
7445.222611305653,2.4890352467167246e-05
7449.324662331166,2.4783211494923056e-05
7453.426713356679,2.46772685161785e-05
7457.528764382192,2.45725573333264e-05
7461.630815407704,2.4469110068227105e-05
7465.732866433217,2.4366957143837326e-05
7469.83491745873,2.4266127267383712e-05
7473.936968484242,2.416664741509629e-05
7478.039019509755,2.4068542818515947e-05
7482.141070535268,2.3971836952388672e-05
7486.243121560781,2.3876551524156917e-05
7490.345172586293,2.3782706465057885e-05
7494.447223611806,2.369031992283609e-05
7498.549274637319,2.3599408256076608e-05
7502.651325662832,2.350998603016319e-05
7506.753376688344,2.3422066014864243e-05
7510.855427713857,2.333565918354779e-05
7514.95747873937,2.3250774714025122e-05
7519.059529764883,2.3167419991020823e-05
7523.161580790395,2.3085600610265563e-05
7527.263631815908,2.3005320384206128e-05
7531.365682841421,2.292658134932593e-05
7535.467733866934,2.2849383775066882e-05
7539.5697848924465,2.2773726174342623e-05
7543.6718359179595,2.269960531563092e-05
7547.7738869434725,2.2627016236631965e-05
7551.875937968985,2.2555952259476896e-05
7555.9779889944975,2.2486405007470183e-05
7560.0800400200105,2.2418364423347186e-05
7564.1820910455235,2.235181878902727e-05
7568.2841420710365,2.22867547468406e-05
7572.386193096549,2.2223157322205932e-05
7576.488244122062,2.216100994773468e-05
7580.590295147575,2.210029448873549e-05
7584.692346173087,2.204099127009161e-05
7588.7943971986,2.1983079104482424e-05
7592.896448224113,2.1926535321918883e-05
7596.998499249626,2.1871335800561122e-05
7601.100550275138,2.1817454998785442e-05
7605.202601300651,2.176486598846638e-05
7609.304652326164,2.171354048943855e-05
7613.406703351677,2.1663448905101397e-05
7617.508754377189,2.161456035912914e-05
7621.610805402702,2.1566842733246895e-05
7625.712856428215,2.1520262706033e-05
7629.814907453728,2.147478579270633e-05
7633.91695847924,2.1430376385856588e-05
7638.019009504753,2.138699779707451e-05
7642.121060530266,2.1344612299438126e-05
7646.223111555779,2.1303181170810144e-05
7650.325162581291,2.126266473790105e-05
7654.427213606804,2.122302242105145e-05
7658.529264632317,2.118421277968676e-05
7662.63131565783,2.1146193558396555e-05
7666.733366683342,2.110892173359027e-05
7670.835417708855,2.1072353560680598e-05
7674.937468734368,2.1036444621745298e-05
7679.039519759881,2.1001149873617793e-05
7683.141570785393,2.096642369635652e-05
7687.243621810906,2.0932219942042727e-05
7691.345672836419,2.089849198385632e-05
7695.447723861932,2.0865192765378805e-05
7699.549774887444,2.0832274850072704e-05
7703.651825912957,2.079969047088639e-05
7707.75387693847,2.0767391579933602e-05
7711.855927963982,2.073532989819659e-05
7715.957978989495,2.070345696520235e-05
7720.060030015008,2.0671724188621355e-05
7724.162081040521,2.0640082893738327e-05
7728.264132066033,2.0608484372745262e-05
7732.366183091546,2.0576879933806836e-05
7736.468234117059,2.054522094984907e-05
7740.570285142572,2.0513458907022397e-05
7744.672336168084,2.0481545452790847e-05
7748.774387193597,2.0449432443599762e-05
7752.87643821911,2.0417071992074887e-05
7756.978489244623,2.0384416513706517e-05
7761.080540270135,2.0351418772973108e-05
7765.182591295648,2.031803192885946e-05
7769.284642321161,2.028420957972563e-05
7773.386693346674,2.024990580748332e-05
7777.488744372186,2.0215075221037768e-05
7781.590795397699,2.0179672998953883e-05
7785.692846423212,2.0143654931306633e-05
7789.794897448725,2.0106977460676608e-05
7793.896948474237,2.0069597722252845e-05
7797.99899949975,2.0031473583006268e-05
7802.101050525263,1.9992563679898227e-05
7806.203101550776,1.9952827457089814e-05
7810.3051525762885,1.9912225202119033e-05
7814.4072036018015,1.9870718081014146e-05
7818.5092546273145,1.982826817231298e-05
7822.611305652827,1.9784838499959088e-05
7826.71335667834,1.9740393065047437e-05
7830.8154077038525,1.9694896876393507e-05
7834.9174587293655,1.9648315979901175e-05
7839.019509754878,1.9600617486706253e-05
7843.121560780391,1.9551769600074156e-05
7847.223611805904,1.950174164103163e-05
7851.325662831417,1.9450504072713913e-05
7855.427713856929,1.9398028523410494e-05
7859.529764882442,1.9344287808293978e-05
7863.631815907955,1.928925594981844e-05
7867.733866933468,1.9232908196774785e-05
7871.83591795898,1.917522104199282e-05
7875.937968984493,1.9116172238680717e-05
7880.040020010006,1.9055740815394902e-05
7884.142071035519,1.89939070896341e-05
7888.244122061031,1.8930652680053765e-05
7892.346173086544,1.8865960517298016e-05
7896.448224112057,1.8799814853448443e-05
7900.55027513757,1.873220127008999e-05
7904.652326163082,1.866310668499642e-05
7908.754377188595,1.8592519357438844e-05
7912.856428214108,1.852042889212298e-05
7916.958479239621,1.8446826241761457e-05
7921.060530265133,1.8371703708289988e-05
7925.162581290646,1.8295054942736796e-05
7929.264632316159,1.8216874943757097e-05
7933.366683341672,1.8137160054844845e-05
7937.468734367184,1.805590796023629e-05
7941.570785392697,1.7973117679520658e-05
7945.67283641821,1.7888789560975105e-05
7949.774887443722,1.7802925273641936e-05
7953.876938469235,1.771552779816768e-05
7957.978989494748,1.7626601416425064e-05
7962.081040520261,1.7536151699939526e-05
7966.183091545773,1.7444185497143783e-05
7970.285142571286,1.7350710919484555e-05
7974.387193596799,1.7255737326407297e-05
7978.489244622312,1.7159275309245033e-05
7982.591295647824,1.706133667403913e-05
7986.693346673337,1.696193442332047e-05
7990.79539769885,1.6861082736880633e-05
7994.897448724363,1.6758796951563185e-05
7998.999499749875,1.665509354010661e-05
8003.101550775388,1.6549990089070622e-05
8007.203601800901,1.644350527587894e-05
8011.305652826414,1.6335658845011658e-05
8015.407703851926,1.6226471583381608e-05
8019.509754877439,1.61159652949292e-05
8023.611805902952,1.6004162774471373e-05
8027.713856928465,1.5891087780840018e-05
8031.815907953977,1.5776765009346438e-05
8035.91795897949,1.566122006360823e-05
8040.020010005003,1.5544479426775937e-05
8044.122061030516,1.5426570432196336e-05
8048.224112056028,1.5307521233550195e-05
8052.326163081541,1.5187360774502053e-05
8056.428214107054,1.5066118757900223e-05
8060.5302651325665,1.4943825614564597e-05
8064.632316158079,1.4820512471700444e-05
8068.734367183592,1.4696211120976571e-05
8072.836418209105,1.4570953986305226e-05
8076.9384692346175,1.4444774091362163e-05
8081.0405202601305,1.431770502688421e-05
8085.1425712856435,1.418978091778239e-05
8089.2446223111565,1.4061036390107356e-05
8093.346673336669,1.3931506537904572e-05
8097.448724362182,1.3801226889995684e-05
8101.550775387695,1.3670233376722849e-05
8105.652826413208,1.353856229669133e-05
8109.75487743872,1.3406250283546399e-05
8113.856928464233,1.3273334272819074e-05
8117.958979489746,1.3139851468875671e-05
8122.061030515259,1.3005839312004449e-05
8126.163081540771,1.2871335445673098e-05
8130.265132566284,1.2736377683989326e-05
8134.367183591797,1.2601003979396987e-05
8138.46923461731,1.2465252390638433e-05
8142.571285642822,1.2329161051014035e-05
8146.673336668335,1.2192768136968257e-05
8150.775387693848,1.2056111837031751e-05
8154.877438719361,1.1919230321146958e-05
8158.979489744873,1.1782161710404951e-05
8163.081540770386,1.1644944047219625e-05
8167.183591795899,1.1507615265965155e-05
8171.285642821411,1.1370213164100794e-05
8175.387693846924,1.1232775373806902e-05
8179.489744872437,1.1095339334155235e-05
8183.59179589795,1.09579422638346e-05
8187.693846923462,1.0820621134453202e-05
8191.795897948975,1.0683412644437016e-05
8195.897948974487,1.0546353193543531e-05
8200.0,1.0409478858007771e-05
